R	W16f0	sp03:3813:1
R	W16f7	sp14:3986:1
R	W1702	sp03:38ae:281
R	W1711	sp03:3991:411
R	W1720	sp03:38df:1
R	W1731	sp14:381e:41
R	W1740	sp14:39bf:801
R	W174b	sp05:3969:1
R	W1752	sp03:38ba:1
R	W1757	sp06:3831:41
R	W1768	sp03:3889:1
R	W1777	sp14:38c7:1
R	W177c	sp14:3829:1
R	W1789	sp14:39e0:1
R	W1796	sp03:3850:1
R	W17a3	sp03:392c:1
R	W17ae	sp03:3931:1
R	W17b7	sp03:3938:1
R	W17c0	sp03:393f:1
R	W17c9	sp03:3946:1
R	W17d2	sp03:383e:1
R	W17db	sp14:3a0a:1
R	W17e6	sp06:3984:1
R	W17eb	sp09:39ec:1
R	W17f6	sp03:39ad:1
R	W1803	sp14:3948:1
R	W180e	sp14:38bf:1
R	W1819	sp06:3a79:1
R	W1822	sp03:38cf:1
R	W1829	sp03:38ed:1
R	W182e	sp03:3884:1
T	W1837	Piece
R	W183a	sp07:381a:1
R	W183f	sp06:3acb:1
R	W1846	sp03:38ca:1
R	W184b	sp03:394d:1
R	W1852	sp03:382d:1
R	W1859	sp03:390f:1
R	W185e	sp03:3818:1
R	W1863	sp03:3909:1
R	W1868	sp03:386a:1
R	W1871	sp03:387b:1
R	W1878	sp03:396d:1
R	W187d	sp14:39f8:1
R	W1886	sp14:38de:1
R	W1889	sp14:3977:1
R	W188e	sp14:3800:1
R	W1897	sp14:38e2:1
R	W18a0	sp06:3b19:1
R	W18a3	sp14:3966:1
R	W18b0	sp14:3870:1
R	W18bd	sp03:38a2:1
R	W18c4	sp03:3962:1
R	W18c7	sp03:3973:1
R	W18d2	sp14:391f:1
T	W18d9	Fire
R	W18de	sp06:3922:1
R	W18e3	sp09:3897:1
R	W18e6	sp14:389a:1
R	W18eb	sp14:3847:1
R	W18f0	sp06:3ad5:1
R	M18f5	sp14:3a32
R	M190b	sp14:3a59
R	M1926	sp14:3a9b
R	M1933	sp14:3abd
R	M19a1	sp14:3b7a
R	M19b3	sp14:3b95
R	M19c9	sp14:3bbe
R	M19e0	sp14:3c00
R	M19fb	sp14:3c35
R	M1a1f	sp14:3c9e
R	M1a44	sp14:3cd9
R	M1a58	sp14:3cf1
R	M1a75	sp14:3d2e
R	M1aa5	sp14:3d8f
R	M1aaf	sp14:3db9
R	M1ae7	sp14:3eba
R	M1af7	sp14:3eed
R	M1b17	sp14:3f25
R	M1b2e	sp14:3f5f
R	M1b41	sp14:3f99
R	M1b5e	sp14:3fcc
R	M1b85	sp14:402a
R	M1bb7	sp14:4095
R	M1bd5	sp14:40f3
R	M1bff	sp14:4143
R	M1c2f	sp14:419e
R	M1c44	sp09:47ff
R	M1c4b	sp14:41db
R	M1c58	sp14:41fc
R	M1c64	sp14:421d
R	M1c71	sp12:4250
R	M1c7e	sp14:4253
R	M1ca3	sp14:428d
R	M1cb1	sp14:4331
R	M1cd0	sp14:4378
R	M1cdb	sp14:4390
R	M1ceb	sp14:43a5
R	M1d10	sp14:43fb
R	M1d31	sp14:443b
R	M1d61	sp14:44a6
R	M1d86	sp14:44e5
R	M1d95	sp14:4512
R	M1db4	sp14:454c
R	M1dcf	sp14:457c
R	M1de4	sp14:4592
R	M1e15	sp14:45f0
R	M1e2d	sp14:4638
R	M1e3b	sp14:464c
R	M1e4e	sp14:4681
R	M1e65	sp14:46af
R	M1e7c	sp14:46d7
R	M1e8c	sp14:46eb
R	M1ea9	sp14:4718
R	M1eb9	sp14:472a
R	M1ed0	sp14:4744
R	M1ef1	sp14:478a
R	M1f01	sp14:47b4
R	M1f15	sp14:47e0
R	M1f37	sp14:4813
R	M1f45	sp14:4832
R	M1f51	sp14:483b
R	M1f60	sp14:4863
R	M1f73	sp14:4891
R	M1f8b	sp14:48be
R	M1f95	sp14:48ca
R	M1fb7	sp14:4905
R	M1fc2	sp14:4923
R	M1fdd	sp14:4959
R	M1ffa	sp14:4975
R	M201c	sp14:49b9
R	M2046	sp14:49e7
R	M2060	sp14:4a11
R	M2072	sp14:4a3c
R	M20a2	sp14:4a8f
R	M20b7	sp14:4abd
R	M20dc	sp14:4af6
R	M20ee	sp14:4b27
R	M2129	sp14:4ba4
R	M2146	sp14:4bd1
R	M2156	sp14:4be3
R	M2180	sp14:4c3c
R	M21a3	sp14:4c73
R	M21da	sp14:4cd2
R	M21ef	sp14:4cff
R	M2223	sp14:4d52
R	M222f	sp14:4d60
R	M2250	sp14:4dca
R	M2257	sp14:4de0
R	M228c	sp14:4e51
R	M2294	sp14:4e61
R	M22c1	sp14:4ee3
R	M22fb	sp14:4f69
R	M231f	sp14:4f95
R	M232b	sp14:4fa8
R	M2348	sp14:4fc4
R	M2354	sp14:4fdd
R	M2374	sp14:5013
R	M237d	sp14:501f
R	M23ce	sp14:508f
R	M23de	sp14:50b9
R	M23eb	sp14:50cb
R	M2422	sp14:5132
R	M243b	sp14:5162
R	M244d	sp14:5189
R	M2461	sp14:51ae
R	M246f	sp14:51ce
R	M2486	sp14:51fe
R	M24ad	sp14:5239
R	M24ce	sp14:526f
R	M24d9	sp14:528b
R	M24ee	sp14:52af
R	M2506	sp14:52d1
R	M2514	sp14:52eb
R	M252a	sp14:530f
R	M2541	sp14:532f
R	M2558	sp14:5351
R	M2576	sp14:5381
R	M258c	sp14:53ab
R	M259f	sp14:53cd
R	M25b9	sp14:5404
R	M25e2	sp14:5441
R	M25f5	sp14:546e
R	M2617	sp14:54ab
R	M2625	sp14:54bd
R	M265a	sp14:5502
R	M266d	sp10:6ca8
R	M267a	sp14:552e
R	M268a	sp14:5545
R	M26a0	sp14:5583
R	M26c6	sp14:55c2
R	M26d7	sp14:55d7
R	M26e7	sp14:55ff
R	M26fa	sp14:48be
R	M2704	sp14:5625
R	M271e	sp14:565f
R	M272c	sp14:5677
R	M273b	sp14:568d
R	M274e	sp14:56ab
R	M2762	sp14:56ca
R	M2772	sp14:56f5
R	M2783	sp14:5704
R	M278b	sp14:570a
R	M279a	sp14:5721
R	M279e	sp08:8715
R	M27ac	sp14:5734
R	M27b5	sp14:5743
R	M27c4	sp14:576d
R	M27d0	sp14:578d
R	M27e2	sp14:57b1
R	M2814	sp14:581c
R	M283d	sp14:585e
R	M2861	sp14:58b4
R	M2872	sp14:58d5
R	M2881	sp14:5908
R	M289d	sp14:5938
R	M28ba	sp14:597b
R	M28da	sp14:59b8
R	M28ef	sp14:59e4
R	M28ff	sp14:5a07
R	M2912	sp14:5a28
R	M291c	sp14:5a40
R	M292a	sp14:5a54
R	M293d	sp14:5a40
R	M294b	sp14:5a85
R	M295a	sp14:5aa3
R	M2971	sp14:5ad0
R	M2991	sp14:5af7
R	M29aa	sp14:5b36
R	M29c8	sp14:5b7e
R	M29e5	sp14:5bc8
R	M2a0c	sp14:5c0a
R	M2a22	sp14:5c3b
R	M2a37	sp14:5c72
R	M2a67	sp14:5cec
R	M2a99	sp14:5d9b
R	M2ab7	sp14:5de9
R	M2ad3	sp14:5e23
R	M2aff	sp14:5e6c
R	M2b13	sp14:5e80
R	M2b2f	sp14:5ec7
R	M2b45	sp14:5ef1
R	M2b60	sp14:5f1e
R	M2b7c	sp14:5f67
R	M2b89	sp14:5f8d
R	M2bb0	sp14:600e
R	M2bce	sp14:604a
R	M2beb	sp14:607b
R	M2c05	sp14:60ab
R	M2c1f	sp14:60d9
R	M2c4e	sp14:6125
R	M2c5b	sp14:6137
R	M2c6c	sp14:6152
R	M2c86	sp14:6177
R	M2cb4	sp14:61c1
R	M2cd7	sp14:6215
R	M2ce2	sp14:622e
R	M2d00	sp14:625d
T	M2d14	Gillian, look out!!
R	M2d25	sp14:6297
R	M2d4e	sp14:62d2
R	M2d6a	sp14:630b
R	M2d8c	sp14:6350
R	M2db5	sp14:6394
R	M2dc9	sp14:63d3
R	M2de5	sp14:6407
R	M2e15	sp14:6445
R	M2e30	sp14:6463
R	M2e4c	sp14:6492
R	M2ea2	sp14:6523
R	M2f12	sp14:6612
R	M2f2f	sp14:6650
R	M2f62	sp14:66e4
R	M2f9b	sp14:674a
R	M2fcf	sp14:67c1
R	M2fea	sp14:67fa
R	M2ff9	sp14:681f
R	M3010	sp14:6852
R	M302a	sp14:6880
R	M3039	sp14:689e
R	M304f	sp14:68dc
R	M3074	sp14:6911
R	M3092	sp14:695c
R	M30a7	sp14:6977
R	M30c1	sp14:69ae
R	M30d3	sp14:69ce
R	M30ed	sp14:6a00
R	M3125	sp14:6a83
R	M3148	sp14:6acc
R	M315b	sp14:6af5
R	M316f	sp14:6b21
R	M3183	sp14:6b4d
R	M3196	sp14:6b7a
R	M31a9	sp14:6ba1
R	M31bb	sp14:6bc9
R	M31c7	sp14:6be8
R	M31d4	sp14:6c0d
R	M31e3	sp14:6c3a
R	M31f5	sp05:8ab1
R	M31fe	sp14:6c65
R	M3220	sp14:6ca4
R	M322d	sp14:6cbf
R	M323a	sp14:6cd7
R	M324f	sp14:6d03
R	M3263	sp14:6d2b
R	M327f	sp14:6d70
R	M328d	sp14:6d89
R	M32af	sp14:6dcc
R	M32d3	sp14:6df5
R	M32f5	sp14:6e43
R	M3308	sp14:6e67
R	M331f	sp14:6eb6
R	M3347	sp14:6eeb
R	M336c	sp14:6f37
R	M3395	sp14:6f8a
R	M33c7	sp14:6fd6
R	M33ee	sp14:703b
R	M340a	sp14:7068
R	M3427	sp14:7094
R	M343e	sp14:70b8
R	M346b	sp14:70f7
R	M3492	sp14:715a
R	M34b8	sp14:719c
R	M34c4	sp14:71b0
R	M34de	sp14:71df
R	M34f4	sp14:7212
R	M350e	sp14:7247
R	M3526	sp14:727d
R	M355f	sp14:72d4
R	M3591	sp14:7305
R	M35bd	sp14:735c
R	M35d7	sp14:7387
R	M360e	sp14:73f5
R	M362b	sp14:7437
R	M3656	sp14:7494
R	M3668	sp14:74b5
R	M36b3	sp14:7522
R	M36cd	sp14:755a
R	M36e8	sp14:758d
R	M3720	sp14:760a
R	M3744	sp14:766b
R	M3753	sp14:7684
R	M377e	sp14:76cd
R	M37a6	sp03:60b6
R	M37d6	sp03:610e
R	M37ee	sp03:6141
R	M381e	sp03:61bb
R	M383c	sp03:61e4
R	M3854	sp03:6205
R	M386a	sp03:6228
R	M3883	sp03:6250
R	M38a0	sp03:6285
R	M38bd	sp03:62c9
R	M38d2	sp03:62f7
R	M3906	sp03:6348
R	M3920	sp03:637e
R	M394f	sp03:63e3
R	M3971	sp03:6416
R	M397e	sp03:643b
R	M398b	sp03:6450
R	M39a4	sp03:6476
R	M39c5	sp03:64b3
R	M39f0	sp03:64f8
R	M3a13	sp03:6565
R	M3a24	sp03:6585
R	M3a4a	sp03:65cc
R	M3a62	sp03:6605
R	M3a95	sp03:6662
R	M3abc	sp03:66b4
R	M3ad5	sp03:66d1
R	M3af2	sp03:66fc
R	M3b07	sp03:6719
R	M3b32	sp03:675c
R	M3b4f	sp03:679a
R	M3b71	sp10:7bba
R	M3b98	sp03:6450
R	M3bb1	sp03:684e
R	M3bcd	sp03:6893
R	M3bfd	sp03:68d8
R	M3c16	sp03:68f3
R	M3c2a	sp03:6917
R	M3c40	sp03:693a
R	M3c61	sp03:6977
R	M3c83	sp03:69bd
R	M3cad	sp03:6a11
R	M3ccf	sp14:80c4
R	M3cde	sp13:988f
R	M3cfd	sp14:811e
R	M3d1f	sp03:6b0c
R	M3d4f	sp03:6b63
R	M3d5c	sp03:6b7a
R	M3d69	sp14:81e1
R	M3d8f	sp14:821d
R	M3d9d	sp14:8245
R	M3db1	sp14:828a
R	M3dc6	sp14:82b8
R	M3ddd	sp03:728d
R	M3df4	sp03:72cd
R	M3e03	sp03:72fd
R	M3e25	sp03:732b
R	M3e40	sp03:7362
R	M3e5e	sp03:72fd
R	M3e80	sp03:732b
R	M3e9b	sp03:7362
R	M3eb9	sp03:72fd
R	M3edb	sp03:732b
R	M3ef6	sp03:7362
R	M3f14	sp03:72fd
R	M3f36	sp03:732b
R	M3f51	sp03:7362
