R	M1c00	sp15:3ab5
R	M1e35	sp15:3adb
R	M1e4e	sp15:3b30
R	M1e73	sp15:3b74
R	M1e8f	sp15:3bbc
R	M1ea2	sp15:3bd3
R	M1eb7	sp15:3bfb
R	M1ed5	sp15:3c2a
R	M1efd	sp15:3c75
R	M1f28	sp15:3ce0
R	M1f53	sp15:3d3c
R	M1f87	sp15:3d96
R	M1f9d	sp15:3dd0
R	M1fd5	sp15:3e2b
R	M1ff2	sp15:3e60
R	M202e	sp15:3ed0
R	M205d	sp15:3f24
R	M2088	sp15:3f7d
R	M20bd	sp15:3feb
R	M2106	sp15:4071
R	M212f	sp15:40ba
R	M215c	sp15:4107
R	M218d	sp15:4147
R	M21aa	sp15:417d
R	M21d0	sp15:41d3
R	M21f1	sp15:4228
R	M220c	sp15:4244
R	M221b	sp15:425c
R	M223e	sp15:429d
R	M2259	sp15:42bf
R	M2276	sp15:42f6
R	M2288	sp15:430e
R	M22ac	sp15:4368
R	M22bd	sp15:4368
R	M22cc	sp15:43ae
R	M22e8	sp15:43e7
R	M2305	sp15:444b
R	M2325	sp15:448c
R	M2339	sp15:44ab
R	M2356	sp15:44da
R	M2367	sp15:44fa
R	M2376	sp15:4511
R	M2384	sp15:4524
R	M2392	sp15:4548
R	M23b1	sp15:457c
R	M23f6	sp09:3f89
R	M2419	sp15:45b8
R	M2430	sp14:5a64
R	M243a	sp15:465b
R	M245b	sp15:4681
R	M2474	sp15:46a6
R	M2486	sp15:46bf
R	M2496	sp15:46e2
R	M24b5	sp15:471f
R	M24da	sp14:5e6c
R	M24ed	sp15:4785
R	M2513	sp15:47d9
R	M2534	sp15:4823
R	M2556	sp15:4845
R	M2567	sp15:4865
R	M257a	sp15:4894
R	M259a	sp15:48e5
R	M25b3	sp15:4904
R	M25c9	sp15:4931
R	M25dd	sp15:495a
R	M25f4	sp15:4982
R	M2613	sp15:49bb
R	M262c	sp15:4a09
R	M2645	sp15:4a3c
R	M2661	sp15:4a66
R	M2684	sp15:4aa6
R	M269e	sp14:5e6c
R	M26ac	sp15:4af1
R	M26c7	sp15:4b25
R	M26e8	sp15:4b5f
R	M271c	sp15:4bb1
R	M2734	sp15:4bed
R	M274a	sp15:4c21
R	M2758	sp15:4c34
R	M276f	sp15:4c53
R	M277b	sp15:4c6a
R	M278b	sp15:4c90
R	M279b	sp15:4caa
R	M27c1	sp02:6c88
R	M27d0	sp15:4cf6
R	M27db	sp15:4d05
R	M27ee	sp15:4d13
R	M2803	sp15:4d38
R	M2814	sp15:4d57
R	M2830	sp15:4d7f
R	M2841	sp15:4d9b
R	M2855	sp15:4db9
R	M286e	sp15:4ded
R	M288c	sp15:4e2f
R	M28a7	sp15:4e5c
R	M28c7	sp15:4e93
R	M28e4	sp15:4ec6
R	M28fc	sp15:4ef4
R	M2920	sp15:4f3d
R	M2937	sp15:4f5b
R	M2951	sp15:4f7f
R	M2970	sp15:4fb2
R	M298c	sp15:4ff2
R	M2998	sp15:5004
R	M29ad	sp15:5038
R	M29c4	sp15:506f
R	M29e2	sp07:570d
R	M2a00	sp15:50e3
R	M2a21	sp15:512b
R	M2a3a	sp15:514b
R	M2a50	sp15:516c
R	M2a61	sp15:5183
R	M2a6e	sp15:519f
R	M2a87	sp15:51c4
R	M2ac1	sp15:521a
R	M2ae7	sp15:525a
R	M2b06	sp15:528e
R	M2b31	sp15:52f1
R	M2b4d	sp15:5320
R	M2b5a	sp15:5336
R	M2b8e	sp15:5397
R	M2baa	sp15:53c2
R	M2bbf	sp15:53ec
R	M2bd3	sp15:5400
R	M2be4	sp15:541c
R	M2c0e	sp15:5478
R	M2c2c	sp15:54be
R	M2c4a	sp15:54f4
R	M2c56	sp15:5516
R	M2c7e	sp15:5560
R	M2ca4	sp15:559f
R	M2cd5	sp15:55f8
R	M2ce4	sp15:5617
R	M2cf5	sp15:5635
R	M2d53	sp15:56ab
R	M2db4	sp15:5799
R	M2df0	sp15:57db
R	M2e04	sp15:57ec
R	M2e5f	sp15:588e
R	M2e68	sp15:58a7
R	M2ec7	sp15:5938
R	M2ee6	sp15:597a
R	M2f04	sp15:59b0
R	M2f2d	sp15:59eb
R	M2f50	sp15:5a28
R	M2f6c	sp15:5a81
R	M2f74	sp15:5a9d
R	M2fc0	sp15:5b11
R	M2fd1	sp15:5b24
R	M2fea	sp15:5b46
R	M2ffb	sp15:5b6c
R	M3013	sp15:5b94
R	M3022	sp15:5bbd
R	M303d	sp14:48be
R	M304c	sp15:5bed
R	M3062	sp15:5c23
R	M3079	sp15:5c5a
R	M3083	sp15:5c6b
R	M30b5	sp15:5cbd
R	M30c6	sp15:5cd2
R	M30ec	sp15:5d1f
R	M310d	sp15:5d4d
R	M3132	sp15:5d90
R	M3145	sp15:5daa
R	M3153	sp15:5dbf
R	M3181	sp15:5e18
R	M318d	sp15:5e2e
R	M31a5	sp15:5e5c
R	M31ce	sp15:5e9e
R	M31e8	sp15:5ece
R	M31f8	sp15:5ef6
R	M3212	sp15:5f2a
R	M3230	sp15:5e5c
R	M3259	sp15:5e9e
R	M3273	sp15:5fde
R	M3284	sp15:5ffb
R	M329b	sp15:6020
R	M32ba	sp15:6052
R	M32cc	sp15:6077
R	M32f1	sp15:60bc
R	M3317	sp15:6100
R	M333d	sp15:6150
R	M335e	sp10:6ca8
R	M336b	sp15:61a8
R	M337a	sp15:61c9
R	M33a1	sp15:620d
R	M33c5	sp15:6273
R	M33d2	sp15:627f
R	M33e3	sp15:6298
R	M33f4	sp15:62bb
R	M3405	sp15:62d1
R	M3417	sp15:6302
R	M343d	sp15:634f
R	M344e	sp15:636b
R	M3457	sp15:6373
R	M3469	sp15:6390
R	M347d	sp15:63b6
R	M3496	sp15:63df
R	M34ae	sp07:6a86
R	M34c0	sp15:6430
R	M34d3	sp15:6452
R	M3501	sp15:64a3
R	M3520	sp01:3da3
R	M352f	sp15:64f1
R	M3557	sp01:3da3
R	M3566	sp15:654b
R	M3579	sp15:6572
R	M359b	sp15:65a6
R	M35b2	sp15:65d8
R	M35cd	sp15:661b
R	M35db	sp15:6633
R	M35f7	sp15:6689
R	M360c	sp15:66b7
R	M3629	sp15:66e8
R	M363e	sp15:671b
R	M364f	sp15:6738
R	M366d	sp15:6776
R	M3692	sp15:67b8
R	M36a7	sp15:67e4
R	M36c5	sp15:682a
R	M36ce	sp15:6838
R	M36e9	sp15:6871
R	M370b	sp15:68a6
R	M3720	sp15:68cf
R	M3737	sp15:690d
R	M3754	sp15:6945
R	M3773	sp15:6972
R	M37a0	sp15:69c5
R	M37b9	sp15:69f4
R	M37c3	sp15:6a02
R	M37ec	sp15:6a4e
R	M3813	sp15:6a9b
R	M3834	sp15:6ad6
R	M3854	sp15:6b16
R	M386e	sp15:6b41
R	M3886	sp15:6b77
R	M38a0	sp15:6ba0
T	M38cf	Aim for the slit on its head!!
R	M38ea	sp15:6c1c
R	M38fa	sp15:6c33
R	M3908	sp15:6c59
R	M391b	sp15:6c93
R	M393e	sp03:60b6
R	M396e	sp03:610e
R	M3986	sp03:6141
R	M39b6	sp03:61bb
R	M39d4	sp03:61e4
R	M39ec	sp03:6205
R	M3a02	sp03:6228
R	M3a1b	sp03:6250
R	M3a38	sp15:6eaf
R	M3a55	sp03:62c9
R	M3a6a	sp03:62f7
R	M3a9e	sp03:637e
R	M3acd	sp03:63e3
R	M3aef	sp03:6416
R	M3afc	sp03:643b
R	M3b09	sp03:6450
R	M3b22	sp03:6476
R	M3b43	sp03:64b3
R	M3b6e	sp03:64f8
R	M3b91	sp03:6565
R	M3ba2	sp03:6585
R	M3bc8	sp03:65cc
R	M3be0	sp03:6605
R	M3c13	sp03:6662
R	M3c3a	sp03:66b4
R	M3c53	sp03:66d1
R	M3c70	sp03:66fc
R	M3c85	sp03:6719
R	M3cb0	sp10:7bba
R	M3cd7	sp03:6450
R	M3cf0	sp03:684e
R	M3d0c	sp03:6893
R	M3d3c	sp03:68d8
R	M3d55	sp03:68f3
R	M3d69	sp15:7492
R	M3d7c	sp15:74a9
R	M3d89	sp15:74ba
R	M3d9e	sp15:74d9
R	M3dbc	sp03:6977
R	M3ddd	sp03:69bd
R	M3e08	sp03:6a11
R	M3e29	sp14:80c4
R	M3e38	sp13:988f
R	M3e57	sp14:811e
R	M3e79	sp03:6b0c
R	M3ea9	sp03:6b63
R	M3eb6	sp03:6b7a
R	M3ec3	sp15:7706
R	M3ee1	sp15:7739
R	M3efc	sp14:828a
R	M3f11	sp14:82b8
R	M3f28	sp03:728d
R	M3f3f	sp03:72cd
R	M3f4e	sp03:72fd
R	M3f70	sp03:732b
R	M3f8b	sp03:7362
R	M3fa9	sp03:72fd
R	M3fcb	sp03:732b
R	M3fe6	sp03:7362
R	M4004	sp03:72fd
R	M4026	sp03:732b
R	M4041	sp03:7362
R	M405f	sp03:72fd
R	M4081	sp03:732b
R	M409c	sp03:7362
T	M40ba	Gillian! Use the mirror's reflection and shoot Freddy!
T	M40e0	I'm finished...
T	M40ee	Gillian...?!
T	M40fb	Would you like to save your progress up until now?
R	M4114	sp03:728d
R	M412d	sp03:72cd
T	M413c	There is not enough memory available. I am unable to create a new save file.
T	M4163	Please use a save file you have already created.
T	M4181	Unfortunately, we will have to proceed with the investigation without saving.
T	M4199	Format error! An abnormality has occurred in your PC Engine's memory.
T	M41ce	Unfortunately, you will need to stop the investigation here and reformat your memory. At that time, I recommend copying any necessary data to your Tennokoe Bank.
T	M4233	You can continue the investigation as is, but if you do, you will not be able to save from this point on.
T	M4264	All right, let's continue the investigation as is.
R	M427b	sp03:72fd
R	M429d	sp03:732b
R	M42b8	sp03:7362
T	M42d6	Save complete.
T	M42e6	All right, let's continue the investigation as is.
T	M42fd	The game is now over. Please turn off the power switch.
T	M431d	Gillian, I'll be waiting until we can investigate together again.
R	M4340	sp14:82b8
R	M4357	sp14:828a
R	M436c	sp14:82b8
