W	10e3	1987
W	10ec	1988
W	10f5	1990
W	10fe	1991
W	1107	10 Times
W	110e	128XX
W	1119	128XY
W	1124	12 Times
W	112b	18XX
W	1134	18XY
W	113d	1 Disc
W	1142	2 Times
W	1147	2 Discs
W	114c	3 Discs
W	1151	46XX
W	115a	46XY
W	1163	4 Times
W	1168	4 Discs
W	116d	5 Discs
W	1172	64XX
W	117b	64XY
W	1184	6 Times
W	1189	6 Discs
W	118e	7 Discs
W	1193	8 Times
W	1198	8 Discs
W	119d	MSX2+
W	11a8	MSX2
W	11b1	MSX
W	11b8	PC-88
W	11c1	PC-98
W	11ca	FM Towns
W	11d5	X68000
W	11e2	Yonsenman
W	11ef	Agnes Lamune
W	1200	Don't Play
W	120d	Play Games
W	1218	Quit Game
W	1225	Mr Koshianko
W	1234	Toshi-chan
W	123f	Petty Mama
W	124c	Match
W	1253	Milo-chan
W	125e	Safe Zone
W	1267	Baku Baku Club
W	1272	Mikawa Ken-ichi
M	127b	Hello...?
M	1287	A...Ahem... This is investigator Seed.
M	129e	Investigator?!
M	12a4	It's about your father.
M	12b9	............
M	12c4	He wants to come home. If you leave him where he is, I don't think he'll be around much longer.
M	12eb	............
M	12f6	Are you listening to what I'm saying?!
M	1306	Ye..Yes........
M	1313	This is your own father I'm talking about!
M	131f	Is he...Is he doing all right?
M	1333	No he's not. As a matter of fact, he looks ill.
M	134b	...Is that...is that so?
M	135c	I'm sure you two must have had some problems, but he's still your father, right?
M	1379	..............
M	1382	Thank you for taking the trouble of informing me of the situation, investigator.
M	1394	Despite how poorly you've treated him, your father still calls out your name everyday.
M	13bf	Really?!...Pop does that?
M	13d2	...........
M	13da	Forgive me...Pop. Please forgive me!
M	13f8	Where?! Where is he?
M	140e	He's in the South Itayado area of the SN district. Go and take him home.
M	1433	Yes. I will! I'm leaving right now...
M	1451	I can't thank you enough...
M	1463	Thank me by taking good care of your dad this time.
M	1472	You did a good thing, Gillian.
M	1488	Thanks for calling! Will you be my friend?
M	14c1	Thanks for calling me! I'm so happy...!
M	14ef	Thanks for calling me and don't forget to tell your friends to call too!
M	1578	No answer, huh? Let's hang up.
M	158e	Can't be helped...
M	159a	Well, hanging up now.
M	15d6	Hey mister, wanna have some fun?
M	15e5	Can't even see your face.
M	15f0	That's exactly what makes it exciting, isn't it?
M	1605	I guess that's how it goes...
M	1612	It's a high-tech world now, so this kind of thing really gets to you.
M	1633	I don't think so.
M	1642	How about it, mister? Wanna do it with me?
M	1656	Wh-what did you say?
M	1661	S-so sudden?!
M	166c	What's wrong with sudden?
M	167e	We both want the same thing, right?
M	1692	(mumbles)...
M	169c	...How about 10000 credits?
M	16b1	That's expensive!!
M	16b9	That's the going rate. Such a cheapskate.
M	16cf	Cheapskate? You call me a cheapskate?!
M	16e0	Never mind then. Deal's off...
M	16f8	I'll be the one to hang up!
M	170a	...Let's just stop here? I'll hang up.
M	1722	...What a woman!
M	172f	Surprisingly calm about it, aren't you?
M	1741	No, more like... a cheapskate?
M	1751	You too?! Not you as well!!
M	1760	Gillian, in a way I've reconsidered my opinion of you.
M	177b	Well, thanks a lot.
M	182b	What'll you do? Wanna give it a try?
M	183d	A quiz, huh? Said something about winning a fancy prize?
M	185f	I'm good at quizzes...
M	1871	Isn't that just a lucky streak?
M	188b	Say whatever you want...
M	191f	Damn! Did I get it wrong?!
M	1930	Huh? Wrong again?
M	1a2c	So it's true you bought the Pilot Disk?
M	1a4c	Thanks for that.
M	1a56	Huh? Didn't I just hear a voice?
M	1a6f	No, I didn't hear anything.
M	1ae1	You did it!? Gillian!
M	1af2	Not the fancy prize, but... another quiz?
M	1b0d	Anyway, let's hang up for now.
M	1b20	Is it okay to just hang up like this?
M	1b34	No need to worry, I remember this line's number.
M	1ecb	You did it!? Gillian!
M	1edc	Not the fancy prize, but... oh well.
M	1ef7	Yeah, yeah, I get it already...
M	1f05	Let's not...
M	1f11	Let's stop wasting money...
M	1f21	Damn! Did I get it wrong?!
M	1f32	Huh? Wrong again?
M	1f7e	Hasn't this service already been busted and shut down?
M	1f9d	Damn, what a gutless bunch...
M	2359	Click!
M	2361	Hey!! Metal?! You hung up on me?!
M	2378	...Click!
M	2383	Hey!! What are you doing?!
M	2394	...Gillian, let's stop here, okay?
M	23af	Gillian... that's enough, isn't it?
M	23c2	What a waste! I'll pick up right where I left off.
M	23d6	Ugh!! ...Did I get taken?
M	23e5	You were deceived? Women will do that if you give them the chance.
M	2405	Phooey! on them!
M	240f	It was just a "Stella the Stegasaur" talk line. Do you derive some perverse pleasure out of listening to it?
M	2433	N...No. It's not like that! I just...
M	2448	STELLA!!!
M	2460	Isn't that from a movie or something?
M	2470	Well, yes. As a matter of fact...
M	247e	For some reason, I've sort of grown attached to this 'Stella'.
M	249d	Gillian, I didn't realize you were into that 'weird' stuff!
M	24b8	I like you too Stella!... Stella!!!
M	24d6	Gillian, there is something deeply twisted about you.
M	24e6	Today's Neo Kobe weather forecast. Today will be clear due to a high-pressure system moving in from the south.
M	252a	But, the National Observatorium has reported that the hole in the ozone layer continues to increase in size.
M	2553	They recommend that if you're going out of the house, you should liberally apply a thick coating of "Anti-UV" sunscreen.
M	2585	Clear day, huh?
M	258e	The weather is our ally. The increase in Ultra-Violet rays will limit their movement.
M	25c3	We should continue the investigation while this weather holds.
M	25d7	Neo Kobe weather for the day will be as follows...
M	25f6	Acid rain will fall sometime during the morning hours, clearing up by the afternoon.
M	262c	Finally it looks like the weather is gonna improve.
M	2645	It appears so.
M	2650	Tomorrow's Neo Kobe weather will be as follows...
M	266f	Radioactive 'heavy rain' will continue to fall throughout the day, making things a little gloomy. And in some areas, we have a SNOW-9 warning in effect.
M	26df	Rain, huh? It really gives me the blues!
M	26f3	Neo Kobe has an abundance of rainfall this time of the year.
M	2714	Rain again!? When is it ever gonna clear up?
M	27ae	Gillian, don't call the Fire Department if you have no reason to.
M	27d5	Its very wrong to make a prank call to the fire department.
M	27f6	This is Miss Hayasaka at Konami. Thanks for your continued support.
M	280c	Finally, Konami's famous "SNATCHER" will be released worldwide. We're so happy that Konami fans and fanatics will now be able to play this game.
M	2843	Although the characters in this game are all fictitious, after playing the game, I really felt that I knew the characters as real people. Also, this is the first game I've ever played that continually gave me strong feelings, just like watching a great movie.
M	2876	I even got to appear on TV, and even showed up on the Pilot Disk...
M	28a0	Oh, that reminds me... did everyone buy the Pilot Disk?
M	28c8	If you did, that would make Hayasaka even happier...!
M	28e9	Well... anyway, setting that aside...
M	28fb	I'm sure everyone has seen a movie, read a book, or heard music that stays with you and that you never forget. "SNATCHER" is that type of work. I hope it is for you too.
M	2925	I'm very grateful that I was able to meet all of you in this game and I want to continue helping to bring you exciting and moving software, so keep rooting for us.
M	293f	Thanks again for calling.
M	2954	Just to thank you for calling all the time, I'm going to let you in on some super-secret information.
M	2979	I'm going to tell you the videophone number of Konami HQ's R&D Information.
M	29a1	It's 078-0000573.
M	29b0	Once again, thanks for calling. I'll tell you one more secret.
M	29db	The R&D staff data is all available on Jordan.
M	2a01	You can even find out all about me!
M	2a18	Bye Bye now!
M	2a26	...Hello, this is Mitsuhiro Togo.
M	2a36	Huh? That's a woman's voice.
M	2a46	Yes. Assistant Director Inoue has a wife.
M	2a5d	Grr, cheeky for a lowly underling! And here I'm even separated!
M	2a88	Please calm down. He's probably cooped up at the office anyway. He can't do a thing.
M	2abd	I see... fine then.
M	2acb	That's right. I haven't even seen my husband's face lately...
M	2ae9	Now, now, calm down... just leave a guy like that be, and go out and have some fun.
M	2b1c	I'll do that. Thank you so much.
M	2b2f	Hi, this is Mitsuhiro Togo. I've just stepped out to the 7-11. If you want, please leave a message and I'll get back to you.
M	2b69	...Yes, this is Inoue.
M	2b79	...What's wrong? You sound down.
M	2b90	I finally got off work and came home, and my wife's not here. Grrr!!
M	2bb9	...Yes, this is Inoue.
M	2bc9	That wife of mine... she still hasn't come home.
M	2be6	Is it really okay to say things that could break up someone else's family?
M	2c0b	It's fine. They say misery loves company.
M	2c28	...Gillian, do you hold some kind of grudge against that AD?
M	2c4e	Can you tell?
M	2c56	...Seems like they're not in.
M	2c66	My advice earlier really worked, huh?
M	2c7e	Did you hear that, Metal? Total success.
M	2c92	...Yes, this is Shinohara.
M	2ca2	I bought a new car recently.
M	2cb6	Currently looking for a cute girl to sit in the passenger seat.
M	2cde	I'm away right now, so try again later. I'll be waiting!
M	2d08	But I just scraped the whole passenger door. And it's only got 500km on it...
M	2d45	Figures, coming from a disciple of the Crash King.
M	2d66	I'm sending it in for repairs, so hang tight a while.
M	2d7f	Huh...
M	2d87	Come on, that's enough about that already...
M	2da0	There's been a lot going on, but...
M	2db0	Once again, looking for a cute girl to sit in the passenger seat.
M	2dd7	Waiting for your call.
M	2de3	Big brother, phone!
M	2df1	Hello. Oh, mom, phone for you!
M	2e08	Hello, uh-huh, daaad!
M	2e1d	Uh-huh, oh, is that so. Got it. Well, if you'll excuse me, I'll go pee now.
M	2e47	...Yes, this is Yoshioka.
M	2e58	...Itcho, phone for you!!
M	2e6d	...What is it?
M	2e7a	Itcho!! Phone!!
M	2e8c	What now?
M	2e98	Itcho!! Phooone!!
M	2ead	It's always me... no way out of it.
M	2ec0	Oh, Ben-chan?
M	2ecc	I'm gonna head over to Dr. Hiromoto's place for a bit.
M	2eeb	Off again, huh.
M	2ef7	Go play with Yanai for a while?
M	2f05	...And leave me your phone number?
M	2f19	Let's see... 54-8418.
M	2f2d	Say hi to your wife for me.
M	2f39	...I'm off, then.
M	2f48	...Itcho?
M	2f55	Itcho's not in.
M	2f67	I think he's gone to Dr. Hiromoto's to shoot the breeze...
M	2f8e	...Itcho?
M	2f9b	Itcho's still not in, sorry.
M	2fb2	I'll tell you the quiz answer. I look like Agnes Lamune, apparently...
M	2fdf	...Is that Yotchi?
M	2fec	...Whatever, I don't care.
M	2ff9	...Boring.
M	3005	Hey, watcha say?
M	3010	I'll TAKE it!
M	301c	Come on, you two...
M	302c	Itcho, hurry up and come home?
M	3040	Oh, Itcho?
M	304d	......
M	3056	Itcho?
M	3060	......
M	3069	...Itcho?
M	3076	That stings!!
M	3080	...Yes, this is Matsuhana.
M	3090	No... it's not Matsubana. It's Matsuhana. No dots on it.
M	30b3	Matsu as in pine tree, Hana as in flower field.
M	30cc	Not 'wait-nose'. Pleased to meet you. Click!!
M	30e6	...This is Matsuhana.
M	30f3	I'm at the insurance office right now about last week's accident.
M	3114	Please get back to me later. ...Beep!!
M	312b	Oh, this is Matsuhana. Sorry about the other day.
M	3148	...No no, that parking lot accident last month is all settled now.
M	316e	The one where the bicycle crashed into me on Awaji Island? That kid's doing fine now, I hear.
M	31a2	The rice-paddy runaway incident in February went fine too. Well, my whole bonus got drained, but...
M	31d9	Oh. The car break-in... I got my bag back, at least.
M	31ff	Though they cleaned out all the cash first, of course...
M	321c	The broken leg from the truck collision two years back? Yeah, it's healed up fine, thanks to you.
M	3250	And then just the other day my battery died on me.
M	326d	While taking it out, some battery fluid got on my jeans and dissolved them right through.
M	32a2	I really am an insurance agent's nightmare, aren't I. Even I have to laugh. Hahahaha. Click!!
M	32d8	...This is Matsuhana. Let me give you the answer to Quiz 2.
M	32fd	Number of accidents: 8 times. Number of narrow escapes: 2 times.
M	3323	Good luck with Quiz 2, then. ...Beep!!
M	333e	...Yes, this is Hiromoto Shinichi.
M	3352	How's everyone doing?
M	3365	My wild new book is on sale now.
M	337f	SINGLE ACTION ARMY Volume 1
M	339c	500 Yen (tax included)
M	33b3	A demonic gun that'll blow your mind away!!
M	33d2	As long as you're holding onto that, there's no way you'll forget me.
M	33fb	But...
M	3405	If we say goodbye now, while I still feel the same as when I said I loved you...
M	3431	......
M	343a	You like me that much, huh?
M	344f	...Hide, turn the TV off when it's over, okay!
M	346d	Yeah... got it.
M	347a	I'll try hard.
M	3481	Will you come flying to me when I'm lonely at night?
M	349b	I'll come flying.
M	34a5	If I call you from the top of the Himalayas and ask you to come get me, will you come?
M	34d1	I'll come get you.
M	34da	Hide? Are you still watching?!
M	34eb	If you don't get to bed soon you'll be late tomorrow, you know?
M	3502	...Yes, yes.
M	350e	Come on, right when we're about to start, what's with that face...
M	352d	......
M	3536	Right, we should toast to my departure.
M	3556	H-hey...
M	3560	I'll be right back.
M	356f	Live a little smarter, will you.
M	3580	Hide!! Seriously, turn the TV off already!
M	359c	......
M	35a5	If anything, I've gotten even more beautiful, haven't I?
M	35c8	A little, maybe.
M	35d2	I'm telling Satomi-chan on you.
M	35e6	Go ahead.
M	35ed	I will...
M	35f6	...Hide? Are you listening?!
M	360b	...Sniff.
M	3616	Thanks.
M	361f	For what?
M	3625	......
M	362e	Hide... are you crying?
M	363f	......
M	3648	Fzzzt...........
M	3654	...ZZZzzz....
M	367e	Whoa!
M	3685	Gillian, you shoudn't call if you have no reason.
M	369f	Gillian, you have no business calling them for no reason!
M	36d7	...I'm hanging up.
M	36e5	This is SNATCHER 911.
M	36fc	...This phone call is automatically recorded.
M	3712	Please clearly explain your situation in 30 seconds or less.
M	3731	The computer in Junker HQ will process and respond urgently to your situation.
M	3765	Please speak in a calm, clear voice.
M	377c	O.K. Go ahead.
M	378a	...Understood and recorded.
M	3799	Konami R&D Information... May I help you?
M	37b8	I'll tell you some top-secret information that nobody else knows.
M	37db	It took a long time, but "Sparkster" for Genesis and SNES has been completed.
M	3811	Also, that cool cartoon, Animaniacs is now coming to on Genesis and SNES.
M	3832	And don't forget about "Biker Mice from Mars" on SNES.
M	384e	You'll also want to see our "Tiny Toons Sports" games for Genesis and SNES.
M	3874	We're anxiously awaiting your fan letters!
M	388f	Well, good-bye for now.
M	389f	There is too much interference. I can't transmit.
M	38bf	Too many tall buildings in the area.
M	38d7	There is too much electrical interference. I can't call from here.
M	38f5	In Neo Kobe, even electric waves are unsafe...!
M	3914	The electrical waves are still unsecure. We cannot call from here.
M	1b90	What? ...Isn't that the same question?
M	1bc2	Chromosomes? ...This is a tough one.
M	1c33	How would I know that?
