W	0763	Kazuki Muraoka
W	0772	Metal Gear
W	077d	Y
W	0788	Yusaku Yara
W	0795	Kiyohiko Yamane
W	07a4	Satoshi Yoshioka
W	07b3	LR
W	07be	Random Hajile
W	07cd	Random
W	07d6	Lisa Nielsen
W	07e5	Lisa
W	07ea	Little John
W	07f7	Little
W	07fe	Alice Gibson
W	080d	Alice
W	0814	Toshiya Adachi
W	0821	A
W	0824	Ivan Rodriguez
W	0835	Ivan
W	083c	IUEO
W	0845	Takaharu Ikeda
W	0854	Isabella Velvet
W	0867	Isabella
W	0870	Masaru Ishii
W	087d	Kikuko Inoue
W	088c	Shinya Inoue
W	089b	Isao Inoguchi
W	08aa	Pussy
W	08b1	Pops
W	08bc	Haruka Oyama
W	08cb	Yoshihiko Oota
W	08da	Cunt
W	08e3	K
W	08ee	Katrina Gibson
W	0901	Katrina Gibson
W	0914	Katrina
W	091f	No matches
W	0930	G
W	093b	Ballsack
W	0946	Chief
W	0953	Balls
W	095c	Tomiharu Kinoshita
W	096d	Gillian Seed
W	097c	Gillian
W	0985	Gibson
W	098e	Mami Koyama
W	0999	Hideo Kojima
W	09a6	Konami
W	09ad	Ryuji Saikachi
W	09be	Shinya Sakamoto
W	09cd	Sachiyo Sagoi
W	09da	S
W	09e5	Z
W	09f0	Kaneto Shiozawa
W	09ff	Kenji Shinohara
W	0a0e	Kenji Shima
W	0a19	Jean Jack Gibson
W	0a30	Jean Jack Gibson
W	0a47	Jean Jack
W	0a56	Jean
W	0a5d	Jack
W	0a66	Jamie Seed
W	0a75	Jamie
W	0a7e	Shigeyuki Tamura
W	0a8d	T
W	0a98	Kazuhiro Tateishi
W	0aa9	Masaaki Tanahashi
W	0aba	Nuts
W	0ac3	Nads
W	0acc	D
W	0ad7	Dick
W	0ade	Chin Shuuhou
W	0aed	Wiener
W	0af6	Peepee
W	0aff	Willy
W	0b06	Chin
W	0b0b	Mina Tominaga
W	0b1a	Goro Naya
W	0b25	Akihiko Nagata
W	0b34	N
W	0b3f	Napoleon Bonaparte
W	0b54	Napoleon
W	0b5f	Taeko Hayasaka
W	0b6e	Harry Benson
W	0b7d	Harry
W	0b84	Kazuhisa Hashimoto
W	0b95	H
W	0ba0	B
W	0bab	P
W	0bb6	Motoaki Furukawa
W	0bc7	Toshiharu Furukawa
W	0bd8	Freddy Nielsen
W	0bed	Freddy
W	0bf8	Freddy Nielsen
W	0c0b	Freddy
W	0c14	Benson Cunningham
W	0c27	Benson
W	0c30	Snatch
W	0c35	Naoki Matsui
W	0c42	Hiroshi Matsuda
W	0c4f	Yoshikazu Matsuhana
W	0c60	Kenwa Matsuhana
W	0c6f	Matsubana
W	0c78	M
W	0c83	Mika Slayton
W	0c92	Mika
W	0c97	Search
W	0ca4	Cancel
M	0cb3	Toshiya Adachi. Born: Dec. 15, 1961. Sagittarius, Type A. Personality: Snaps for no reason. Favorite game: Lunar Lander. Message: I didn't work directly on this one. Sorry, Gorby.
M	0d3e	Yoshihiko Oota. Born: July 8, 1960. Cancer, Type B. Personality: A one-track mind for love. Favorite game: Steamy adult games. Message: I just wanna do the whole love thing, you know? Aiming to be a LOVE man.
M	0dcc	Shinya Inoue. Born: July 15, 1967. Cancer, Type B. Personality: Baron Munchausen. Favorite game: Cold-blooded simulations. Message: This is Inoue, assistant director. What I want most right now is probably a grandchild. Videophone: 96-7715.
M	0e71	Masaru Ishii. Born: Oct. 31, 1967. Scorpio, Type AB. Personality: Frail. Favorite game: Doodling in Mario Paint. Message: I'm the new guy, Masaru Ishii. Am I the only one who thinks Metal Gear looks a bit like Korosuke?
M	0f0c	Ms. Haruka Ooyama (Yokohama City). Message: Thank you for supporting SNATCHER for four whole years. Please keep watching over us warmly. This data is our staff's way of saying thanks.
M	0f89	Takaharu Ikeda. Born: June 23, 1963. Cancer, Type A. Personality: Like a medium sized dog -- 1) Serious, 2) Kind, 3) Scary face. Lately thinking dolphins might have a nice personality too. Hates karaoke. Loves amusement parks and horror movies. Nickname: Ike-P. Favorite game: Scramble Formation.
M	104e	Hideo Kojima. Born: Aug. 24, 1963. Virgo, Pure Type A. Personality: Contrary and lonely. Favorite game: Zabica. Message: After four years, my indigestion is finally clearing up. SNATCHER itself can't stand the light of day, but the product has finally seen the light. Videophone: 77-7605.
M	112d	Tomiharu Kinoshita. Born: Jan. 15, 1960. Capricorn, Pure Type B. Personality: Totally lazy. Favorite game: Space Manbo. Message: I didn't do anything for this one. Please, everyone, don't give up on Konami. I'm begging you. Please!
M	11ca	Sachiyo Sagoi. Born: July 29, 19??. Leo, Type B. Personality: Always a cheerful girl. Favorite games: Parodius Da!, Madara. Message: I handle PR for the SFC, FC and GB. I personally love SNATCHER. Please keep supporting Konami!
M	1283	Shinya Sakamoto. Born: Aug. 15, 1964. Leo, Type A. Personality: Nervous, yet thick skinned. Favorite game: Castlevania. Message: I've been around since the '88 version, but I keep a low profile. Where's my part in this game? That's the quiz.
M	132d	Kenji Shinohara. Born: May 3, 1968. Taurus, All weather Type A. Personality: Dangerous when placed downwind of a woman. Favorite game: Blue Bomberman. Message: Thanks for bothering to search my name. This input system is my program, yo. Videophone: 77-5014.
M	13ef	Kenji Shima. Born: July 12, 1962. Cancer, Type A. Personality: A classic Type A, though people sometimes mistake me for Type O or B. Fun and cheerful, but built to be very shy. Special skill: 50 different voices. Favorite games: SNATCHER, Solid Snake. Nickname: Shima-san.
M	14ad	Kazuhiro Tateishi. Born: July 24, 1970. Cancer, Type B. Personality: Easygoing. Favorite game: Finalizer. Message: I'm a shooting master! Anyone with the guts, bring it on!
M	1532	Shigeyuki Tamura. Born: Jan. 7, 1964. Capricorn, Type A. Personality: Meticulous optimist. Loved soccer since I was a boy, and I'm still active on a company team today. Right now I most want to go to the southern island of Hawaii. Love surfers, and I'm currently looking for a bride (adoption also welcome). Nickname: Tam-Tam. Favorite games: The Goemon series.
M	160f	Masaaki Tanahashi. Born: April 10, 1962. Aries, Type A. Personality: Mild Light.
M	1655	Favorite games: SNATCHER, Rampart, Soldier Blade. Message: Draw your own SNATCHER in 'Pikuno' and let your imagination grow. Share the excitement with the person next to you.
M	16ca	Akihiko Nagata. Born: Jan. 19, 1959. Capricorn, Type A. Personality: Mischievous. Favorite games: Scramble, Gattan Gotton. Message: If you want to help develop SNATCHER 2, we welcome you to join us. Anime industry veterans especially welcome, complete with a welcome party.
M	1787	Toshiharu Furukawa. Born: March 7, 1969. Pisces, Type O. Personality: Insincere. Favorite game: Love's Hot Rock. Message: The Demon King rises once every hundred years... Next time, I'll be the one to wake him up! Just you wait!!
M	181d	Motoaki Furukawa. Born: Sept. 7, 1962. Virgo, Type O. Personality: Sociable. Favorite game: Gradius II. Message: I'm Motoaki Furukawa, in charge of the music. Listen to the music while you play!
M	18ad	Taeko Hayasaka. Born: Dec. 5, 19??. Sagittarius, Type O. Personality: A tomboyish optimist. Sometimes gets burned by too much curiosity. Also has a charming side, moved easily to tears by anime and movies. A girl who runs hot and loves winter more than summer. Nickname: Shrewd Girl Hayasaka. Favorite games: Mr. Moai, Dr. Mario.
M	1976	Kazuhisa Hashimoto. Born: Nov. 17, 1958. Scorpio, Type B. Personality: Sloppy. Favorite game: Ganbare Goemon. Message: Eat, sleep, and grow, kids.
M	19ef	Kenwa Matsuhana. Born: Aug. 3, 1967. Leo, Super Type O. Personality: Spaced out. Favorite game: SNATCHER, of course! Message: I got into three accidents while developing this game... Debt hell. Man, this is rough! Videophone: 58-2809.
M	1a9f	This is Matsuhana. The 'Matsu' is the pine in 'pine, bamboo, plum'. The 'Hana' is the flower in 'flower garden'. No voiced sound. It's 'Matsuhana'. Please try entering it again.
M	1aec	This is Matsuhana. My first name is read 'Yoshikazu'. Please try entering it again.
M	1b1b	Kazuki Muraoka. Born: March 9, 1959. Pisces, Type O. Personality: A bit of a goofball. Favorite game: Ganbare Goemon: Yukihime Kyushutsu Emaki. Message: BLOW ME.
M	1b8f	Naoki Matsui. Born: March 3, 1961 (Girls' Day). Pisces, Type B. Personality: A fool who acts young. Favorite game: Amazing Labyrinth. Message: I didn't do anything for this one. Metal Slave lives forever! Consumer games are great! See Ya! We're looking for talented, motivated designers. Inquire at Konami Corp., Personnel Dept.
M	1c7a	Hiroshi Matsuda. Born: April 5, 1961. Aries, Type A. Personality: Precise. Favorite game: Super Monaco GP. Message: I handled the packaging. If the manual's hard to read, blame me!
M	1cf9	Satoshi Yoshioka. Born: Oct. 8, 1967. Libra, Type A. Personality: Small hearted. Favorite game: The Legend of Zelda.
M	1d56	Message: This is Yoshioka, in charge of graphics. Working on this game, I got really good at doing a Random Hajile impression. Videophone: 25-0717.
M	1db7	Kiyohiko Yamane. Born: Sept. 11, 1966. Virgo, Type A. Personality: A slapdash guy. Favorite game: Trigon (arcade). Message: For SNATCHER, I made the music tool. I didn't do anything else. Sorry about that.
M	1e4f	That's not a registered term, so it can't be displayed!
M	1e6b	Gillian, you're a grown man!
M	1e80	Hey, come on. I was just testing Jordan.
M	1e99	Gillian! Aren't you a little old to get a kick out of searching for things like that?
M	1ebe	I don't even remember stuff like this anymore. So, well, I figured I'd check.
M	1eda	Not again...
M	1ee3	Gillian, what on earth are you searching for?!
M	1f00	Oh, sorry, sorry. I just wanted to try out Jordan.
M	1f21	Oh, Gillian! Don't search for things like that!
M	1f3c	(...Is she blushing? Guess she's got an innocent side after all.)
M	1f5a	You're going to get in trouble with the Chief again!
M	1f6d	Isabella Velvet. Age: 24. Height: 175cm. Blood type: O+. Popular actress in holographic and virtual reality movies. Seen dancing at club Outer Heaven by director Ridley Scotty and made her debut in one of his works. Won Best Actress award at Kobe International Film Festival in 2045. Special Judges award at Cannes in 2046. Nominated for Best Actress Academy Award in 2046 and '47. Holographic appearances: Indecent Proposition (2044), Kiss of the Honey Bee (2045), The Other Side of Sadness (2046). Virtual Reality appearances: Catch Her in the Rye (2045), Star Luster (2046), Naked Pistol (2046).
M	20f5	Ivan Rodriguez. Air surfer (amateur). Age: 27. Address: 5-22 South Itayado, SN District (Non-municipal data administration district). Family: None.
M	2164	Home searched on suspicion of being a SNATCHER. Arrested for possession of illegal drugs.
M	218c	Cannot execute request...
M	219f	Cannot execute request...
M	21b0	You do not possess a high enough security clearance to view this data.
M	21da	A minimum Class 7 ID is necessary to open this data gate.
M	220a	Why can't I access my own data?!
M	2224	Cannot execute request...
M	2237	You do not possess a high enough security clearance to view this data.
M	2260	A minimum Class 7 ID is necessary to open this data gate.
M	2290	Why can't I access Jamie's data?!
M	22ab	Chin Shuuhou. Director, Queens Hospital. Age: 41. Background: March, 2043: Taken into custody and stripped of Class-1 medical license for involvement in a scandal. Sept., 2045: Arrested for operation of an unregistered medical facility; stripped of Class-2 medical license. May, 2046: Arrested for violation of physical containment laws (handling of dangerous substances); permanently stripped of all medical licenses. Family: None. No data updates in 2047.
M	239c	Cannot execute request...
M	23af	Harry Benson. Engineer, Junker Agency. Age: 55. Hgt: 168cm. Wgt: 65kg. Blood type: O-. Marital status: Single. Background: Originally a member of the government science team to combat SNATCHERS before its combination with the police team to form Junker Agency. Parents die in The Catastrophe; Harry taken into government custody. Earns Ph.D. from Michigan State University at age 14. Gains widespread attention for his development of weapons during World War III. Joins NASA following the war and contributes to the ramjet engine development team. 3 Nobel Prizes. 1 Fields Prize.
M	24d7	Freddy Nielsen. Taxi driver (no company affiliation). Age: 29. Address: Dormitore Okamoto, Apt. #202, 3-78 New Okamoto, MR District. Family: Wife, Lisa, age 25.
M	254e	Investigation reveals Nielsen is a SNATCHER. Terminated by civilian bounty hunter.
M	2578	Body of original Nielsen never found.
M	2595	Cannot execute request...
M	25a8	Benson Cunningham. Chief, Junker Agency. Age: 46. Hgt: 180cm. Wgt: 75kg. Blood type: B+. Led special anti-SNATCHER force 'Fox Hound' before being named Junker Chief. Also served as tactical instructor in the Fox Hound special force in his 20s. Participated in the 2033 Wellington Olympics in judo.
M	269b	Mika Slayton. Administrative Asst., Junker Agency. Age: 23. Hgt: 167cm. Wgt: 55kg. Blood type: A+. Marital status: Single. Graduated from Kobe City University with a dual major in Criminal Psychology and Municipal Data Management. Worked at Kobe Crime Research Lab before moving to Junker Agency. Handled numerous unusual cases there, solving them using the dangerous technique of attaining complete sympatico with the criminals, but psychological stress from the job led her to resign. A recommendation from the Junker Chief led to her joining the Agency.
M	27c1	Metal Gear. Navigator Robot, Junker Agency. Date of Manufacture: Sept. 13, 2047. Full name: NAVI 'METAL GEAR' Mk II. Designer: Harry Benson. Height: 980mm. Length: 310mm. Width: 530mm (including CRT). Weight: 50kg. Internal Capacity: 40 liters.
M	2877	Little John. Navigator Robot, Junker Agency. Date of Manufacture: July 8, 2043. Full name: NAVI 'LITTLE JOHN msx011'. Designer: Harry Benson. Height: 720mm. Length: 420mm. Width: 520mm (including CRT). Weight: 38kg.
M	291c	December, 2047. Destroyed by SNATCHER action in an abandoned factory in M district.
M	293d	Lisa Nielsen. Housewife. Age: 25. Address: Dormitore Okamoto, Apt. #202, 3-78 New Okamoto, MR District. Family: Husband, Freddy, age 29.
M	299b	Revealed to be a SNATCHER by Junker investigation, terminated by Junker Gillian Seed. Body of original Lisa has not been recovered.
M	29e8	Cannot execute request...
M	29fb	Cannot execute request...
M	2a0e	I guess there's no data on him in Alpha-One, huh?
M	2a2a	If that's his real name, and there's no data on him in Alpha-One, then he must be some kind of drifter or illegal immigrant.
M	2a64	Katrina Gibson. Age: 18. Height: 160cm. Weight: 43kg. Blood type: B. B: 81cm  W: 58cm  H: 83cm. Only daughter of Jean Jack Gibson. Won the 'Miss Seventeen' contest in 2046. Currently a popular model in holographic advertisements. Distinguishing feature: a heart-shaped birthmark on her inner thigh.
M	2b06	Jean Jack Gibson. Runner, Junker Agency. Age: 55. Height: 185cm. Weight: 78kg. Blood type: O+. Family: Wife - Alice (deceased), daughter - Katrina, age 14. Officer in the Police Science Division since 2015. Wife killed by a SNATCHER in the bioroid panic of 2046; requested and was granted a transfer to Junker Agency.
M	2bc6	Dec., 2047: Killed in the line of duty while pursuing a suspected SNATCHER.
M	2be8	Alice Gibson. Housewife (deceased). Age at time of death: 40. Height: 165cm. Weight: 55kg. Blood type: B-. Family: Husband - Jean Jack, age 55, daughter - Katrina, age 14. Killed Jan. 7, 2046 by a SNATCHER during the bioroid panic of that year.
M	2c6b	Napoleon Bonaparte (1769-1821), aka Napoleon I, aka 'The Little Corporal'. Emperor of the French (1804-1814). A brilliant military strategist, he deposed the French Directory in 1799 and proclaimed himself First Consul, saying the famous line 'The revolution is ended.' Later, he proclaimed himself emperor in 1804. His military and political might gripped Continental Europe but failed to encompass Great Britain. After a disastrous winter campaign in Russia in 1812, he was forced to abdicate by a coalition of French marshals in 1814. Having been exiled to the island of Elba, he escaped, briefly regained power, and was ultimately defeated at Waterloo in 1815 and exiled for life to the island of St. Helena, ending his final 'Hundred Days'. His codification of laws, the Napoleonic Code, still forms the basis of French civil law.
M	2e05	I take it you've figured out that Napoleon code from before?
M	2e1f	I see... So the answer really was 'Napoleon'.
M	2e36	No matching names on file.
M	2e4c	For some reason, I can't get access to my own or to Jamie's data.
M	2e6f	Metal, who actually has a Class 7 ID, the kind you'd need to get at this data?
M	2e95	There's nobody even close to that level in Junker Headquarters.
M	2eb1	Not even the Chief?
M	2ebb	That's correct.
M	2ec6	Metal, what about you?
M	2ed2	..........
M	2edb	Don't you know anything about this?
M	2ee7	..........I know nothing... nothing at all!
M	2efb	Mika, what's this level 7 information class?
M	2f12	Level 7, hmm... that's way above even the Chief.
M	2f35	...That's really odd.
