W	0fcb	Nearby people
W	0fd8	Area
W	0fdf	Junker I.D.
W	0fee	About Oleen
W	0ff9	Memo
W	1002	Use Metal Gear
W	1011	Little John
W	101e	Oleen Hospital
W	102b	Patient record
W	1032	Find Katrina
W	1041	Santa Claus
W	1050	Show windows
W	1061	About Snow 9
W	106c	Don't save
W	1079	Save
W	1084	Save 1
W	108d	Save 2
W	1096	Save 3
W	109f	Save 4
W	10a8	Chess piece
W	10b3	Tissue
W	10be	About Napoleon
W	10cd	Napoleon
W	10d8	Neon
W	10df	Videophone
W	10ec	Matches
W	10f3	Illegal clinic
W	1102	Video memory
W	110f	Downtown
W	1112	Chess piece
W	1115	Show
W	111c	Look
W	1121	Ad display
W	1132	Temple
W	1137	Cash
W	113e	Possessions
W	1143	Enter turbocycle
W	114c	Use
W	1151	Evidence
W	1158	Red Square
W	1161	Get fortune told
W	116e	Investigate
W	1175	Costume
W	117a	Ask
M	117f	This is Alton Plaza.
M	118d	I wonder if Napoleon is here?
M	11a4	Napoleon has gone home. Let's get over to Oleen Hospital.
M	11d2	This is a waste of precious time, Gillian. Let's head to this Oleen Hospital that Napoleon mentioned.
M	1204	If you want to meet Napoleon, you have to give him a videophone call and set up a new appointment.
M	1231	If you want to see Napoleon, you have to set up an appointment, you know.
M	124e	Quite some time has passed. I imagine that Napoleon has already gone home.
M	1274	Napoleon has probably already gone home.
M	1290	The whole town is decked out in the Christmas Spirit.
M	12a3	A few Christmas trees are set up here and there.
M	12c2	Yeah. Christmas is just around the corner...
M	12db	What are your plans for Christmas, Gillian?
M	12f2	Me? Maybe some time with Jamie...? Nah... I don't really know.
M	1311	So you don't have any firm plans yet, do you.
M	132e	'Fraid not.
M	1335	Don't worry. I won't let you spend Christmas alone.
M	1354	Gillian, if nobody else is available, let's spend Christmas together.
M	1379	Christmas with you?
M	1382	It will be my first Christmas!
M	1396	Only in a worst-case scenario, you know.
M	13a9	Christmas with you is the worst-case scenario.
M	13b9	There really are a lot of attractive neon signs in the area.
M	13d2	Huh? The 'Gr' and 'als' in that "Great Meals!" sign are burned out! That's funny.
M	13f9	All the different signs make for a very pretty scene.
M	140d	The neon makes a lovely decoration, and adds to the mood, doesn't it?
M	1426	There are all kinds of advertisements for holiday products and television programs.
M	1446	A number of people are waiting in front of the giant television monitor.
M	146a	It's Christmas everywhere you look. Even Santa Claus is here.
M	148e	Nice that you can eat at this time...
M	14a8	I won't ever touch that Neo Kobe pizza stuff again!
M	14c9	Crowds of busy year-end shoppers are milling about everywhere.
M	14e7	It doesn't appear that they are too worried about the SNATCHER problem.
M	150c	A man dressed as Santa Claus is handing out tissues as an advertisement.
M	153b	Huh? That Santa Claus...
M	154e	What's wrong?
M	155e	Nothing. Probably just my imagination.
M	156f	Shall we check him out?
M	157a	Many such promotional Santa Clauses appear this time of the year.
M	15a2	That's true, but that one...
M	15ba	If it bothers you that much, why don't we investigate him?
M	15d6	The Christmas sales have got the whole area seething.
M	15ef	Nobody seems too worried about the risk of SNATCHERS...
M	1610	Christmas carols in several languages can be heard.
M	162f	Yeah, Christmas is the same in many countries around the world.
M	164a	Neon signs in a number of languages are visible around the area.
M	1661	3D projections designed to look like old neon tubes are quite popular now.
M	1684	There really are a lot of different advertisements here.
M	169d	The advertising has really become part of the city itself.
M	16c1	None of those advertisements are useful anymore, are they?
M	16db	Hey! Somebody dropped something weird here!
M	16f0	That's a cigarette butt.
M	16ff	Oh...
M	1708	Let's check out this Santa.
M	1721	Let's go...
M	172d	There are no suspicious types in the area.
M	1745	Everybody appears to be minding their own business. Nothing suspicious at all.
M	1764	Yeah, but there could be a SNATCHER among them, you know.
M	1788	That's true, but it is too frightening to think about.
M	17a5	A Chinese Santa, eh? Somehow you just don't fit the image.
M	17c3	Well I'm so sorry to disappoint you.
M	17d0	Give it a rest. This is a disguise, you know. You think I want to be wearing this get up?
M	17f8	Hey, I don't want to be wearing this outfit, you know. It's a disguise.
M	181c	It's a traditional Santa Claus costume.
M	1834	He's carrying a large sack over his shoulder.
M	1847	What's in there? Presents?
M	1861	You want some?...They're tissues.
M	1874	No thanks. Pass.
M	1883	Hey! Don't be touching me!
M	1898	Don't be pulling on the suit! This is a rental, you know!
M	18b1	There's a tag on the suit which says "Rick Bakery Productions".
M	18d7	That's the same place which makes those Outer Heaven masks.
M	18f9	No wonder it's so realistic looking -- it was made by Rick Bakery's studio.
M	1922	That's that place the guy over at Plato's Cavern was telling us all about, right?
M	1941	Why don't you just go ahead and tell us who you really are, Napoleon?
M	195e	Nah. Us informers are easier to get along with if you don't know who we really are.
M	1980	But you might figure it out for yourself sooner or later.
M	1995	One of these days I'll have to tell you why I'm called Napoleon.
M	19c5	I need some information about underground hospitals.
M	19de	Besides all of the legit hospitals, there are scores of those underground places all over the city. You'll never be able to find 'em all.
M	1a25	Wait a second... you might be able to learn something about those illicit operations by checking up on pharmaceutical orders.
M	1a5f	After all, almost all of the drugs used on the island are manufactured here as well.
M	1a86	That's right. All of the pharmaceuticals on the island are distributed or manufactured by "Kobe Pharmaceuticals".
M	1ab9	I've got Jamie checking into it for me.
M	1ad1	Kobe Pharmaceuticals, eh? That's where Jamie works!
M	1af9	Jamie keeps track of records of shipments of pharmaceuticals throughout the island. She might be able to find something out.
M	1b34	That's right! Let's call her and ask later on.
M	1b5a	I'm sure a specialist like that will have a lot more to offer you than somebody like me.
M	1b81	It may not be the one you're looking for, but I know an "Oleen Hospital".
M	1bbd	The only thing I can think of is that "Oleen Hospital" I mentioned.
M	1bda	Before that, why don't we take care of business...
M	1bf0	I don't know too much about it, but it's over in the RF district.
M	1c17	Why don't you go check it out?
M	1c29	That's all I know. You'll have to do the rest yourself.
M	1c52	Hey, I'm not doing this for fun, you know. You're going to have to do a little better than that...
M	1c7d	It's a man-made strain that was developed by the military years ago as a defensive weapon to help protect bases and the like.
M	1cba	But wasn't all of it disposed of long ago?
M	1cd9	Yes, but I hear talk that somebody started cultivating it again about three years ago.
M	1d00	Three years ago? That's about the same time the SNATCHERS first appeared.
M	1d21	Apparently that stuff grows back quickly even after it's cleaned out. The areas it grows in are off-limits, but the wind brings it right into the city.
M	1d6d	You probably don't want to be flashing that thing around this neighborhood.
M	1d92	Hey, I get the point! You're a Junker. Now put that away.
M	1dac	Cheap skate. Are you going to share that or do I only get to look at it?
M	1dc4	Hey! You're loaded!
M	1dde	So what do you want to know?
M	1def	I wonder what that is?
M	1e0a	Well, why don't you go check it out?
M	1e19	"OLEEN HOSPITAL"?
M	1e3a	Oh... where the heck did I see that?
M	1e4f	...just as greedy as ever, eh? Here, take it!
M	1e6a	Thank you very much...
M	1e77	If you waste too much, the Chief will be on you about squandering taxpayers' money again!
M	1ea2	Damn! Take it!
M	1eaf	Heh heh. Thanks a bundle...
M	1ebf	You've got to learn the timing here. That's the key. If not, you'll be paying way too much.
M	1eed	If you waste too much, the Chief will be on you about squandering taxpayers' money again!
M	1f18	You've got to learn the timing here. That's the key. If not, you'll be paying way too much.
M	1f46	Some manners! Asking me to meet you and then using the damn phone...
M	1f65	Hey, make your stupid call later.
M	1f79	Hey, let's hurry this up. I'm a busy guy.
M	1f8c	You got a cold there, Napoleon?
M	1f9a	Some kind of allergy, I guess. I always get this way in the winter.
M	1fd9	An allergen that only operates in the winter? That could be SNOW-9, you know!
M	1ff7	One can always pick up traces of SNOW-9 wherever SNATCHERS appear.
M	201a	It's this sneezing. It just goes on and on...
M	2036	Sounds pretty bad...
M	2045	This is Alton Plaza.
M	2053	Let's look for Katrina.
M	2067	Now that you mention it, Katrina said that she stopped by here a lot.
M	2089	Katrina does not seem to be here. Let's look elsewhere.
M	20a8	I don't see Katrina anywhere. Let's look somewhere else.
M	20ca	Let's try looking somewhere else.
M	20d7	...how about believing what that old fortune teller had to say?
M	20f0	The Christmas mood gets jollier every time we come here.
M	2110	We would have a hard time finding Katrina here even if she was around.
M	2133	The shop windows are all displaying goods for Christmas and New Year's.
M	2157	There's a lot of clothes here that I bet Katrina would love.
M	2178	...Katrina isn't here, is she?
M	218a	Numerous couples and families are milling about, enjoying the holiday mood.
M	21b0	Hey! Over there!
M	21bd	What? You see Katrina?
M	21ca	Oh, sorry. It was somebody else.
M	21db	No. That wasn't her.
M	21ec	Katrina does not seem to be around.
M	2200	More decorations appear every day.
M	2219	Look. Somebody dropped a pack of tissues.
M	222e	It's the same as the ones Napoleon was giving out the other day.
M	2246	...it appears to be different from those.
M	225a	Katrina is nowhere around the show windows.
M	2276	I don't see Katrina anywhere.
M	228a	With all these people here, it will be quite difficult to locate her.
M	22ae	There is an advertisement on it. "Cupid's Videophone Love Line".
M	22dc	A love line, eh?
M	22e9	It would appear so. Let's see... Men only, dial "39-0910".
M	2317	"39-0910". Okay, I got it.
M	2335	Oh no. You're not actually going to call it, are you?
M	2346	...who knows?
M	2352	Katrina! Katrina! Answer if you can hear me!
M	2370	Gillian, she'd never be able to hear you in this crowd.
M	238b	All right, let's try the night life district. Metal, we've gotta find her!
M	23b2	Don't worry, Gillian! She won't get past my sensors!
M	23ce	This is no good. I don't see her anywhere.
M	23e0	She does not appear to be here.
M	23ec	Let's split up and look for her. I'll take over here!
M	2404	Okay, I'll head in this direction.
M	2419	Did you spot her?
M	2420	No, I'm afraid not.
M	2432	All right, let's try that area next.
M	2449	Nope. I don't see her anywhere.
M	245b	She does not seem to be in the area.
M	2467	Are you going to keep looking for her? I don't think she is in this area...
M	2487	Look! It's that fortune teller!!
M	249b	Who? That con artist?
M	24ab	Yes, it's her. And don't get upset Gillian. Why don't we have her try to read where Katrina may have gotten off to.
M	24e0	There's no way she'll have any idea. That's all just a fraud!
M	24f9	I don't know, she seems to have pretty good sources. She might know something.
M	2528	That we don't?
M	2533	That's your Junker ID. It gives you all your special privileges. Take good care of it.
M	2563	That's the expense money that the agency gave you.
M	257b	That's the chess piece that Gibson had which he used to identify the name of Queens Hospital.
M	25a8	That's the chess piece that Gibson had.
M	25c1	That's the patient record with the name of a SNATCHER on it.
M	25db	That's the object we found in the desk at Queens Hospital.
M	25f7	Those are the matches that we found at Queens Hospital.
M	2613	That's the memo that Harry apparently wrote.
M	2627	That's the memo that was in engineering.
M	2641	That's the visual image that was recovered from Little John's memory.
M	265f	That's the photograph that was hidden in the Chief's office.
M	267b	That's the picture of a temple that was on the wall at Queens Hospital.
M	269d	It has an IC chip built-in which contains all of your personal data.
M	26c8	In principle, you are allowed to charge the Agency for as much money as is necessary for your investigation.
M	26eb	This chess piece was being used to signal the name of Queens Hospital.
M	2710	That's a wooden chess piece. I believe it's the one which goes next to the King.
M	2737	This was written in a code using Chinese characters for chemical elements. It deciphers to read "Benson".
M	276e	It appears to be part of a patient's record. I wonder what this writing means?
M	2796	These are matches from "Outer Heaven". This is probably something they give away to their regular customers.
M	27c3	"Face to face". This memo reveals the secret of the picture in the Chief's office.
M	27e9	"Face to face". This is definitely Harry's handwriting. What could it mean?
M	2818	It's a picture of the neon sign at Queens Hospital.
M	283b	It appears to read "Oleen Hospital". It's no doubt the neon sign to some hospital.
M	2865	This is a photograph of Red Square in Moscow before the Catastrophe.
M	2890	This is St. Basil's Cathedral. It's a famous cathedral that was in Moscow before the Catastrophe.
M	28be	Well, no money worries, eh?
M	28cc	It's an attitude like that which will get you into trouble.
M	28e5	I don't see sign like this anywhere around here.
M	28fb	It would appear that this hospital is not in Alton Plaza.
M	2915	All right, I'll save everything that has happened up until now.
M	292c	Which file number would you like to save it in?
M	293b	This file contains data from a previous save.
M	295d	Is it okay for me to overwrite it with the new data?
M	2978	In that case, I won't write the new data there.
M	2996	This file contains data from a previous save.
M	29b8	Is it okay for me to overwrite it with the new data?
M	29d3	In that case, I won't write the new data there.
M	29f1	This file contains data from a previous save.
M	2a13	Is it okay for me to overwrite it with the new data?
M	2a2e	In that case, I won't write the new data there.
M	2a4c	This file contains data from a previous save.
M	2a6e	Is it okay for me to overwrite it with the new data?
M	2a89	In that case, I won't write the new data there.
